id,status,identities,languages,affiliation,student,gender,num_languages,new_to_uchicago,new_to_chicago,new_to_usa,international
1,uchicago undergraduate student,NA,NA,Undergraduate Student,Undergraduate,NA,NA,NA,NA,NA,NA
2,uchicago undergraduate student,NA,NA,Undergraduate Student,Undergraduate,NA,NA,NA,NA,NA,NA
3,uchicago undergraduate student,NA,NA,Undergraduate Student,Undergraduate,NA,NA,NA,NA,NA,NA
4,uchicago undergraduate student,NA,NA,Undergraduate Student,Undergraduate,NA,NA,NA,NA,NA,NA
5,uchicago undergraduate student,NA,NA,Undergraduate Student,Undergraduate,NA,NA,NA,NA,NA,NA
6,uchicago undergraduate student,NA,NA,Undergraduate Student,Undergraduate,NA,NA,NA,NA,NA,NA
7,uchicago undergraduate student,NA,NA,Undergraduate Student,Undergraduate,NA,NA,NA,NA,NA,NA
8,uchicago undergraduate student,NA,NA,Undergraduate Student,Undergraduate,NA,NA,NA,NA,NA,NA
9,uchicago undergraduate student,NA,NA,Undergraduate Student,Undergraduate,NA,NA,NA,NA,NA,NA
10,uchicago undergraduate student,NA,NA,Undergraduate Student,Undergraduate,NA,NA,NA,NA,NA,NA
11,uchicago undergraduate student,NA,NA,Undergraduate Student,Undergraduate,NA,NA,NA,NA,NA,NA
12,uchicago undergraduate student,NA,NA,Undergraduate Student,Undergraduate,NA,NA,NA,NA,NA,NA
13,uchicago undergraduate student,NA,NA,Undergraduate Student,Undergraduate,NA,NA,NA,NA,NA,NA
14,uchicago undergraduate student,NA,NA,Undergraduate Student,Undergraduate,NA,NA,NA,NA,NA,NA
15,uchicago undergraduate student,NA,NA,Undergraduate Student,Undergraduate,NA,NA,NA,NA,NA,NA
16,uchicago undergraduate student,NA,NA,Undergraduate Student,Undergraduate,NA,NA,NA,NA,NA,NA
17,uchicago undergraduate student,NA,NA,Undergraduate Student,Undergraduate,NA,NA,NA,NA,NA,NA
18,uchicago undergraduate student,NA,NA,Undergraduate Student,Undergraduate,NA,NA,NA,NA,NA,NA
19,uchicago undergraduate student,NA,NA,Undergraduate Student,Undergraduate,NA,NA,NA,NA,NA,NA
20,uchicago undergraduate student,NA,NA,Undergraduate Student,Undergraduate,NA,NA,NA,NA,NA,NA
21,uchicago undergraduate student,NA,NA,Undergraduate Student,Undergraduate,NA,NA,NA,NA,NA,NA
22,uchicago undergraduate student,NA,NA,Undergraduate Student,Undergraduate,NA,NA,NA,NA,NA,NA
23,uchicago undergraduate student,NA,NA,Undergraduate Student,Undergraduate,NA,NA,NA,NA,NA,NA
24,uchicago undergraduate student,NA,NA,Undergraduate Student,Undergraduate,NA,NA,NA,NA,NA,NA
25,uchicago undergraduate student,NA,NA,Undergraduate Student,Undergraduate,NA,NA,NA,NA,NA,NA
26,uchicago undergraduate student,NA,NA,Undergraduate Student,Undergraduate,NA,NA,NA,NA,NA,NA
27,uchicago undergraduate student,NA,NA,Undergraduate Student,Undergraduate,NA,NA,NA,NA,NA,NA
28,uchicago undergraduate student,NA,NA,Undergraduate Student,Undergraduate,NA,NA,NA,NA,NA,NA
29,uchicago undergraduate student,NA,NA,Undergraduate Student,Undergraduate,NA,NA,NA,NA,NA,NA
30,uchicago undergraduate student,NA,NA,Undergraduate Student,Undergraduate,NA,NA,NA,NA,NA,NA
31,uchicago undergraduate student,NA,NA,Undergraduate Student,Undergraduate,NA,NA,NA,NA,NA,NA
32,uchicago undergraduate student,NA,NA,Undergraduate Student,Undergraduate,NA,NA,NA,NA,NA,NA
33,uchicago undergraduate student,NA,NA,Undergraduate Student,Undergraduate,NA,NA,NA,NA,NA,NA
34,uchicago undergraduate student,NA,NA,Undergraduate Student,Undergraduate,NA,NA,NA,NA,NA,NA
35,uchicago undergraduate student,NA,NA,Undergraduate Student,Undergraduate,NA,NA,NA,NA,NA,NA
36,uchicago undergraduate student,NA,NA,Undergraduate Student,Undergraduate,NA,NA,NA,NA,NA,NA
37,uchicago undergraduate student,NA,NA,Undergraduate Student,Undergraduate,NA,NA,NA,NA,NA,NA
38,uchicago undergraduate student,NA,NA,Undergraduate Student,Undergraduate,NA,NA,NA,NA,NA,NA
39,uchicago undergraduate student,NA,NA,Undergraduate Student,Undergraduate,NA,NA,NA,NA,NA,NA
40,uchicago undergraduate student,NA,NA,Undergraduate Student,Undergraduate,NA,NA,NA,NA,NA,NA
41,uchicago undergraduate student,NA,NA,Undergraduate Student,Undergraduate,NA,NA,NA,NA,NA,NA
42,uchicago undergraduate student,NA,NA,Undergraduate Student,Undergraduate,NA,NA,NA,NA,NA,NA
43,uchicago undergraduate student,NA,NA,Undergraduate Student,Undergraduate,NA,NA,NA,NA,NA,NA
44,uchicago undergraduate student,NA,NA,Undergraduate Student,Undergraduate,NA,NA,NA,NA,NA,NA
45,uchicago undergraduate student,NA,NA,Undergraduate Student,Undergraduate,NA,NA,NA,NA,NA,NA
46,uchicago undergraduate student,NA,NA,Undergraduate Student,Undergraduate,NA,NA,NA,NA,NA,NA
47,uchicago undergraduate student,NA,NA,Undergraduate Student,Undergraduate,NA,NA,NA,NA,NA,NA
48,uchicago undergraduate student,NA,NA,Undergraduate Student,Undergraduate,NA,NA,NA,NA,NA,NA
49,uchicago undergraduate student,NA,NA,Undergraduate Student,Undergraduate,NA,NA,NA,NA,NA,NA
50,uchicago undergraduate student,NA,NA,Undergraduate Student,Undergraduate,NA,NA,NA,NA,NA,NA
51,uchicago undergraduate student,NA,NA,Undergraduate Student,Undergraduate,NA,NA,NA,NA,NA,NA
52,uchicago undergraduate student,NA,NA,Undergraduate Student,Undergraduate,NA,NA,NA,NA,NA,NA
53,uchicago undergraduate student,NA,NA,Undergraduate Student,Undergraduate,NA,NA,NA,NA,NA,NA
54,uchicago undergraduate student,NA,NA,Undergraduate Student,Undergraduate,NA,NA,NA,NA,NA,NA
55,uchicago undergraduate student,NA,NA,Undergraduate Student,Undergraduate,NA,NA,NA,NA,NA,NA
56,uchicago undergraduate student,NA,NA,Undergraduate Student,Undergraduate,NA,NA,NA,NA,NA,NA
57,uchicago undergraduate student,NA,NA,Undergraduate Student,Undergraduate,NA,NA,NA,NA,NA,NA
58,uchicago undergraduate student,NA,NA,Undergraduate Student,Undergraduate,NA,NA,NA,NA,NA,NA
59,uchicago undergraduate student,NA,NA,Undergraduate Student,Undergraduate,NA,NA,NA,NA,NA,NA
60,uchicago undergraduate student,NA,NA,Undergraduate Student,Undergraduate,NA,NA,NA,NA,NA,NA
61,uchicago undergraduate student,NA,NA,Undergraduate Student,Undergraduate,NA,NA,NA,NA,NA,NA
62,uchicago undergraduate student,NA,NA,Undergraduate Student,Undergraduate,NA,NA,NA,NA,NA,NA
63,uchicago undergraduate student,NA,NA,Undergraduate Student,Undergraduate,NA,NA,NA,NA,NA,NA
64,uchicago undergraduate student,NA,NA,Undergraduate Student,Undergraduate,NA,NA,NA,NA,NA,NA
65,uchicago undergraduate student,NA,NA,Undergraduate Student,Undergraduate,NA,NA,NA,NA,NA,NA
66,uchicago undergraduate student,NA,NA,Undergraduate Student,Undergraduate,NA,NA,NA,NA,NA,NA
67,uchicago undergraduate student,NA,NA,Undergraduate Student,Undergraduate,NA,NA,NA,NA,NA,NA
68,uchicago undergraduate student,NA,NA,Undergraduate Student,Undergraduate,NA,NA,NA,NA,NA,NA
69,uchicago undergraduate student,NA,NA,Undergraduate Student,Undergraduate,NA,NA,NA,NA,NA,NA
70,uchicago undergraduate student,NA,NA,Undergraduate Student,Undergraduate,NA,NA,NA,NA,NA,NA
71,uchicago undergraduate student,NA,NA,Undergraduate Student,Undergraduate,NA,NA,NA,NA,NA,NA
72,uchicago undergraduate student,NA,NA,Undergraduate Student,Undergraduate,NA,NA,NA,NA,NA,NA
73,uchicago undergraduate student,NA,NA,Undergraduate Student,Undergraduate,NA,NA,NA,NA,NA,NA
74,uchicago undergraduate student,NA,NA,Undergraduate Student,Undergraduate,NA,NA,NA,NA,NA,NA
75,uchicago undergraduate student,NA,NA,Undergraduate Student,Undergraduate,NA,NA,NA,NA,NA,NA
76,uchicago undergraduate student,NA,NA,Undergraduate Student,Undergraduate,NA,NA,NA,NA,NA,NA
77,uchicago undergraduate student,NA,NA,Undergraduate Student,Undergraduate,NA,NA,NA,NA,NA,NA
78,uchicago undergraduate student,NA,NA,Undergraduate Student,Undergraduate,NA,NA,NA,NA,NA,NA
79,uchicago undergraduate student,NA,NA,Undergraduate Student,Undergraduate,NA,NA,NA,NA,NA,NA
80,uchicago undergraduate student,NA,NA,Undergraduate Student,Undergraduate,NA,NA,NA,NA,NA,NA
81,uchicago undergraduate student,NA,NA,Undergraduate Student,Undergraduate,NA,NA,NA,NA,NA,NA
82,uchicago undergraduate student,NA,NA,Undergraduate Student,Undergraduate,NA,NA,NA,NA,NA,NA
83,uchicago undergraduate student,NA,NA,Undergraduate Student,Undergraduate,NA,NA,NA,NA,NA,NA
84,uchicago undergraduate student,NA,NA,Undergraduate Student,Undergraduate,NA,NA,NA,NA,NA,NA
85,uchicago undergraduate student,NA,NA,Undergraduate Student,Undergraduate,NA,NA,NA,NA,NA,NA
86,uchicago undergraduate student,NA,NA,Undergraduate Student,Undergraduate,NA,NA,NA,NA,NA,NA
87,uchicago undergraduate student,NA,NA,Undergraduate Student,Undergraduate,NA,NA,NA,NA,NA,NA
88,uchicago undergraduate student,NA,NA,Undergraduate Student,Undergraduate,NA,NA,NA,NA,NA,NA
89,uchicago undergraduate student,NA,NA,Undergraduate Student,Undergraduate,NA,NA,NA,NA,NA,NA
90,uchicago undergraduate student,NA,NA,Undergraduate Student,Undergraduate,NA,NA,NA,NA,NA,NA
91,uchicago undergraduate student,NA,NA,Undergraduate Student,Undergraduate,NA,NA,NA,NA,NA,NA
92,uchicago undergraduate student,NA,NA,Undergraduate Student,Undergraduate,NA,NA,NA,NA,NA,NA
93,uchicago undergraduate student,NA,NA,Undergraduate Student,Undergraduate,NA,NA,NA,NA,NA,NA
94,uchicago undergraduate student,NA,NA,Undergraduate Student,Undergraduate,NA,NA,NA,NA,NA,NA
95,uchicago undergraduate student,NA,NA,Undergraduate Student,Undergraduate,NA,NA,NA,NA,NA,NA
96,uchicago undergraduate student,NA,NA,Undergraduate Student,Undergraduate,NA,NA,NA,NA,NA,NA
97,uchicago undergraduate student,NA,NA,Undergraduate Student,Undergraduate,NA,NA,NA,NA,NA,NA
98,uchicago undergraduate student,NA,NA,Undergraduate Student,Undergraduate,NA,NA,NA,NA,NA,NA
99,uchicago undergraduate student,NA,NA,Undergraduate Student,Undergraduate,NA,NA,NA,NA,NA,NA
100,uchicago undergraduate student,NA,NA,Undergraduate Student,Undergraduate,NA,NA,NA,NA,NA,NA
101,uchicago undergraduate student,NA,NA,Undergraduate Student,Undergraduate,NA,NA,NA,NA,NA,NA
102,uchicago undergraduate student,NA,NA,Undergraduate Student,Undergraduate,NA,NA,NA,NA,NA,NA
103,uchicago undergraduate student,NA,NA,Undergraduate Student,Undergraduate,NA,NA,NA,NA,NA,NA
104,uchicago undergraduate student,NA,NA,Undergraduate Student,Undergraduate,NA,NA,NA,NA,NA,NA
105,uchicago undergraduate student,NA,NA,Undergraduate Student,Undergraduate,NA,NA,NA,NA,NA,NA
106,uchicago undergraduate student,NA,NA,Undergraduate Student,Undergraduate,NA,NA,NA,NA,NA,NA
107,uchicago undergraduate student,NA,NA,Undergraduate Student,Undergraduate,NA,NA,NA,NA,NA,NA
108,uchicago undergraduate student,NA,NA,Undergraduate Student,Undergraduate,NA,NA,NA,NA,NA,NA
109,uchicago undergraduate student,NA,NA,Undergraduate Student,Undergraduate,NA,NA,NA,NA,NA,NA
110,uchicago undergraduate student,NA,NA,Undergraduate Student,Undergraduate,NA,NA,NA,NA,NA,NA
111,uchicago undergraduate student,NA,NA,Undergraduate Student,Undergraduate,NA,NA,NA,NA,NA,NA
112,uchicago undergraduate student,NA,NA,Undergraduate Student,Undergraduate,NA,NA,NA,NA,NA,NA
113,uchicago undergraduate student,NA,NA,Undergraduate Student,Undergraduate,NA,NA,NA,NA,NA,NA
114,uchicago undergraduate student,NA,NA,Undergraduate Student,Undergraduate,NA,NA,NA,NA,NA,NA
115,uchicago undergraduate student,NA,NA,Undergraduate Student,Undergraduate,NA,NA,NA,NA,NA,NA
116,uchicago undergraduate student,NA,NA,Undergraduate Student,Undergraduate,NA,NA,NA,NA,NA,NA
117,uchicago undergraduate student,NA,NA,Undergraduate Student,Undergraduate,NA,NA,NA,NA,NA,NA
118,uchicago undergraduate student,NA,NA,Undergraduate Student,Undergraduate,NA,NA,NA,NA,NA,NA
119,uchicago undergraduate student,NA,NA,Undergraduate Student,Undergraduate,NA,NA,NA,NA,NA,NA
120,uchicago undergraduate student,NA,NA,Undergraduate Student,Undergraduate,NA,NA,NA,NA,NA,NA
121,uchicago undergraduate student,NA,NA,Undergraduate Student,Undergraduate,NA,NA,NA,NA,NA,NA
122,uchicago undergraduate student,NA,NA,Undergraduate Student,Undergraduate,NA,NA,NA,NA,NA,NA
123,uchicago undergraduate student,NA,NA,Undergraduate Student,Undergraduate,NA,NA,NA,NA,NA,NA
124,uchicago undergraduate student,NA,NA,Undergraduate Student,Undergraduate,NA,NA,NA,NA,NA,NA
125,uchicago undergraduate student,NA,NA,Undergraduate Student,Undergraduate,NA,NA,NA,NA,NA,NA
126,uchicago undergraduate student,NA,NA,Undergraduate Student,Undergraduate,NA,NA,NA,NA,NA,NA
127,uchicago undergraduate student,NA,NA,Undergraduate Student,Undergraduate,NA,NA,NA,NA,NA,NA
128,uchicago undergraduate student,NA,NA,Undergraduate Student,Undergraduate,NA,NA,NA,NA,NA,NA
129,uchicago undergraduate student,NA,NA,Undergraduate Student,Undergraduate,NA,NA,NA,NA,NA,NA
130,uchicago undergraduate student,NA,NA,Undergraduate Student,Undergraduate,NA,NA,NA,NA,NA,NA
131,uchicago undergraduate student,NA,NA,Undergraduate Student,Undergraduate,NA,NA,NA,NA,NA,NA
132,uchicago undergraduate student,NA,NA,Undergraduate Student,Undergraduate,NA,NA,NA,NA,NA,NA
133,uchicago undergraduate student,NA,NA,Undergraduate Student,Undergraduate,NA,NA,NA,NA,NA,NA
134,uchicago undergraduate student,NA,NA,Undergraduate Student,Undergraduate,NA,NA,NA,NA,NA,NA
135,uchicago undergraduate student,NA,NA,Undergraduate Student,Undergraduate,NA,NA,NA,NA,NA,NA
136,uchicago undergraduate student,NA,NA,Undergraduate Student,Undergraduate,NA,NA,NA,NA,NA,NA
137,uchicago undergraduate student,NA,NA,Undergraduate Student,Undergraduate,NA,NA,NA,NA,NA,NA
138,uchicago undergraduate student,NA,NA,Undergraduate Student,Undergraduate,NA,NA,NA,NA,NA,NA
139,uchicago undergraduate student,NA,NA,Undergraduate Student,Undergraduate,NA,NA,NA,NA,NA,NA
140,uchicago undergraduate student,NA,NA,Undergraduate Student,Undergraduate,NA,NA,NA,NA,NA,NA
141,uchicago undergraduate student,NA,NA,Undergraduate Student,Undergraduate,NA,NA,NA,NA,NA,NA
142,uchicago undergraduate student,NA,NA,Undergraduate Student,Undergraduate,NA,NA,NA,NA,NA,NA
143,uchicago undergraduate student,NA,NA,Undergraduate Student,Undergraduate,NA,NA,NA,NA,NA,NA
144,uchicago undergraduate student,NA,NA,Undergraduate Student,Undergraduate,NA,NA,NA,NA,NA,NA
145,uchicago undergraduate student,NA,NA,Undergraduate Student,Undergraduate,NA,NA,NA,NA,NA,NA
146,uchicago undergraduate student,NA,NA,Undergraduate Student,Undergraduate,NA,NA,NA,NA,NA,NA
147,uchicago undergraduate student,NA,NA,Undergraduate Student,Undergraduate,NA,NA,NA,NA,NA,NA
148,uchicago undergraduate student,NA,NA,Undergraduate Student,Undergraduate,NA,NA,NA,NA,NA,NA
149,uchicago undergraduate student,NA,NA,Undergraduate Student,Undergraduate,NA,NA,NA,NA,NA,NA
150,uchicago undergraduate student,NA,NA,Undergraduate Student,Undergraduate,NA,NA,NA,NA,NA,NA
151,uchicago undergraduate student,NA,NA,Undergraduate Student,Undergraduate,NA,NA,NA,NA,NA,NA
152,uchicago undergraduate student,NA,NA,Undergraduate Student,Undergraduate,NA,NA,NA,NA,NA,NA
153,uchicago undergraduate student,NA,NA,Undergraduate Student,Undergraduate,NA,NA,NA,NA,NA,NA
154,uchicago undergraduate student,NA,NA,Undergraduate Student,Undergraduate,NA,NA,NA,NA,NA,NA
155,uchicago undergraduate student,NA,NA,Undergraduate Student,Undergraduate,NA,NA,NA,NA,NA,NA
156,uchicago undergraduate student,NA,NA,Undergraduate Student,Undergraduate,NA,NA,NA,NA,NA,NA
157,uchicago phd student,NA,NA,PhD Student,Graduate,NA,NA,NA,NA,NA,NA
158,uchicago phd student,NA,NA,PhD Student,Graduate,NA,NA,NA,NA,NA,NA
159,uchicago undergraduate student,NA,NA,Undergraduate Student,Undergraduate,NA,NA,NA,NA,NA,NA
160,uchicago phd student,NA,NA,PhD Student,Graduate,NA,NA,NA,NA,NA,NA
161,uchicago undergraduate student,NA,NA,Undergraduate Student,Undergraduate,NA,NA,NA,NA,NA,NA
162,uchicago undergraduate student,NA,NA,Undergraduate Student,Undergraduate,NA,NA,NA,NA,NA,NA
163,uchicago faculty/staff,NA,NA,Faculty/Staff,Faculty/Staff,NA,NA,NA,NA,NA,NA
164,uchicago phd student,NA,NA,PhD Student,Graduate,NA,NA,NA,NA,NA,NA
165,uchicago phd student,NA,NA,PhD Student,Graduate,NA,NA,NA,NA,NA,NA
166,uchicago faculty/staff,NA,NA,Faculty/Staff,Faculty/Staff,NA,NA,NA,NA,NA,NA
167,uchicago undergraduate student,NA,NA,Undergraduate Student,Undergraduate,NA,NA,NA,NA,NA,NA
168,uchicago undergraduate student,NA,NA,Undergraduate Student,Undergraduate,NA,NA,NA,NA,NA,NA
169,uchicago undergraduate student,NA,NA,Undergraduate Student,Undergraduate,NA,NA,NA,NA,NA,NA
170,uchicago undergraduate student,NA,NA,Undergraduate Student,Undergraduate,NA,NA,NA,NA,NA,NA
171,uchicago undergraduate student,NA,NA,Undergraduate Student,Undergraduate,NA,NA,NA,NA,NA,NA
172,uchicago undergraduate student,NA,NA,Undergraduate Student,Undergraduate,NA,NA,NA,NA,NA,NA
173,uchicago undergraduate student,NA,NA,Undergraduate Student,Undergraduate,NA,NA,NA,NA,NA,NA
174,uchicago undergraduate student,NA,NA,Undergraduate Student,Undergraduate,NA,NA,NA,NA,NA,NA
175,uchicago undergraduate student,NA,NA,Undergraduate Student,Undergraduate,NA,NA,NA,NA,NA,NA
176,uchicago undergraduate student,NA,NA,Undergraduate Student,Undergraduate,NA,NA,NA,NA,NA,NA
177,uchicago undergraduate student,NA,NA,Undergraduate Student,Undergraduate,NA,NA,NA,NA,NA,NA
178,uchicago undergraduate student,NA,NA,Undergraduate Student,Undergraduate,NA,NA,NA,NA,NA,NA
179,uchicago undergraduate student,NA,NA,Undergraduate Student,Undergraduate,NA,NA,NA,NA,NA,NA
180,uchicago undergraduate student,NA,NA,Undergraduate Student,Undergraduate,NA,NA,NA,NA,NA,NA
181,uchicago undergraduate student,NA,NA,Undergraduate Student,Undergraduate,NA,NA,NA,NA,NA,NA
182,uchicago undergraduate student,NA,NA,Undergraduate Student,Undergraduate,NA,NA,NA,NA,NA,NA
183,uchicago undergraduate student,NA,NA,Undergraduate Student,Undergraduate,NA,NA,NA,NA,NA,NA
184,uchicago undergraduate student,NA,NA,Undergraduate Student,Undergraduate,NA,NA,NA,NA,NA,NA
185,uchicago undergraduate student,NA,NA,Undergraduate Student,Undergraduate,NA,NA,NA,NA,NA,NA
186,uchicago undergraduate student,NA,NA,Undergraduate Student,Undergraduate,NA,NA,NA,NA,NA,NA
187,uchicago undergraduate student,NA,NA,Undergraduate Student,Undergraduate,NA,NA,NA,NA,NA,NA
188,uchicago undergraduate student,NA,NA,Undergraduate Student,Undergraduate,NA,NA,NA,NA,NA,NA
189,uchicago undergraduate student,NA,NA,Undergraduate Student,Undergraduate,NA,NA,NA,NA,NA,NA
190,uchicago undergraduate student,NA,NA,Undergraduate Student,Undergraduate,NA,NA,NA,NA,NA,NA
191,uchicago undergraduate student,NA,NA,Undergraduate Student,Undergraduate,NA,NA,NA,NA,NA,NA
192,uchicago undergraduate student,NA,NA,Undergraduate Student,Undergraduate,NA,NA,NA,NA,NA,NA
193,uchicago undergraduate student,NA,NA,Undergraduate Student,Undergraduate,NA,NA,NA,NA,NA,NA
194,uchicago undergraduate student,NA,NA,Undergraduate Student,Undergraduate,NA,NA,NA,NA,NA,NA
195,uchicago undergraduate student,NA,NA,Undergraduate Student,Undergraduate,NA,NA,NA,NA,NA,NA
196,uchicago undergraduate student,NA,NA,Undergraduate Student,Undergraduate,NA,NA,NA,NA,NA,NA
197,uchicago undergraduate student,NA,NA,Undergraduate Student,Undergraduate,NA,NA,NA,NA,NA,NA
198,uchicago undergraduate student,NA,NA,Undergraduate Student,Undergraduate,NA,NA,NA,NA,NA,NA
199,uchicago faculty/staff,NA,NA,Faculty/Staff,Faculty/Staff,NA,NA,NA,NA,NA,NA
200,uchicago undergraduate student,NA,NA,Undergraduate Student,Undergraduate,NA,NA,NA,NA,NA,NA
201,uchicago undergraduate student,NA,NA,Undergraduate Student,Undergraduate,NA,NA,NA,NA,NA,NA
202,uchicago undergraduate student,NA,NA,Undergraduate Student,Undergraduate,NA,NA,NA,NA,NA,NA
203,uchicago undergraduate student,NA,NA,Undergraduate Student,Undergraduate,NA,NA,NA,NA,NA,NA
204,uchicago undergraduate student,NA,NA,Undergraduate Student,Undergraduate,NA,NA,NA,NA,NA,NA
205,uchicago undergraduate student,NA,NA,Undergraduate Student,Undergraduate,NA,NA,NA,NA,NA,NA
206,uchicago undergraduate student,NA,NA,Undergraduate Student,Undergraduate,NA,NA,NA,NA,NA,NA
207,uchicago undergraduate student,NA,NA,Undergraduate Student,Undergraduate,NA,NA,NA,NA,NA,NA
208,uchicago undergraduate student,NA,NA,Undergraduate Student,Undergraduate,NA,NA,NA,NA,NA,NA
209,uchicago undergraduate student,NA,NA,Undergraduate Student,Undergraduate,NA,NA,NA,NA,NA,NA
210,uchicago undergraduate student,NA,NA,Undergraduate Student,Undergraduate,NA,NA,NA,NA,NA,NA
211,uchicago undergraduate student,NA,NA,Undergraduate Student,Undergraduate,NA,NA,NA,NA,NA,NA
212,uchicago undergraduate student,NA,NA,Undergraduate Student,Undergraduate,NA,NA,NA,NA,NA,NA
213,uchicago undergraduate student,NA,NA,Undergraduate Student,Undergraduate,NA,NA,NA,NA,NA,NA
214,uchicago undergraduate student,NA,NA,Undergraduate Student,Undergraduate,NA,NA,NA,NA,NA,NA
215,uchicago undergraduate student,NA,NA,Undergraduate Student,Undergraduate,NA,NA,NA,NA,NA,NA
216,uchicago undergraduate student,NA,NA,Undergraduate Student,Undergraduate,NA,NA,NA,NA,NA,NA
217,uchicago undergraduate student,NA,NA,Undergraduate Student,Undergraduate,NA,NA,NA,NA,NA,NA
218,uchicago undergraduate student,NA,NA,Undergraduate Student,Undergraduate,NA,NA,NA,NA,NA,NA
219,uchicago undergraduate student,NA,NA,Undergraduate Student,Undergraduate,NA,NA,NA,NA,NA,NA
220,uchicago undergraduate student,NA,NA,Undergraduate Student,Undergraduate,NA,NA,NA,NA,NA,NA
221,uchicago undergraduate student,NA,NA,Undergraduate Student,Undergraduate,NA,NA,NA,NA,NA,NA
222,uchicago undergraduate student,NA,NA,Undergraduate Student,Undergraduate,NA,NA,NA,NA,NA,NA
223,uchicago undergraduate student,NA,NA,Undergraduate Student,Undergraduate,NA,NA,NA,NA,NA,NA
224,uchicago undergraduate student,NA,NA,Undergraduate Student,Undergraduate,NA,NA,NA,NA,NA,NA
225,"uchicago ma student (e.g., mapss, macss, harris/crown ma)",woman,english,MA Student,Graduate,Woman,1,FALSE,FALSE,FALSE,FALSE
225,"uchicago ma student (e.g., mapss, macss, harris/crown ma)",new to the university of chicago (<1 year),english,MA Student,Graduate,Woman,1,TRUE,FALSE,FALSE,FALSE
226,"uchicago ma student (e.g., mapss, macss, harris/crown ma)",new to the university of chicago (<1 year),NA,MA Student,Graduate,NA,NA,TRUE,FALSE,FALSE,FALSE
226,"uchicago ma student (e.g., mapss, macss, harris/crown ma)",new to chicago (<1 year),NA,MA Student,Graduate,NA,NA,FALSE,TRUE,FALSE,FALSE
227,"uchicago ma student (e.g., mapss, macss, harris/crown ma)",woman,NA,MA Student,Graduate,Woman,NA,FALSE,FALSE,FALSE,FALSE
227,"uchicago ma student (e.g., mapss, macss, harris/crown ma)",new to the university of chicago (<1 year),NA,MA Student,Graduate,Woman,NA,TRUE,FALSE,FALSE,FALSE
227,"uchicago ma student (e.g., mapss, macss, harris/crown ma)",new to chicago (<1 year),NA,MA Student,Graduate,Woman,NA,FALSE,TRUE,FALSE,FALSE
228,"uchicago ma student (e.g., mapss, macss, harris/crown ma)",woman,mandarin,MA Student,Graduate,Woman,1,FALSE,FALSE,FALSE,FALSE
229,"uchicago ma student (e.g., mapss, macss, harris/crown ma)",woman,NA,MA Student,Graduate,Woman,NA,FALSE,FALSE,FALSE,FALSE
230,"uchicago ma student (e.g., mapss, macss, harris/crown ma)",woman,mandarin,MA Student,Graduate,Woman,2,FALSE,FALSE,FALSE,FALSE
230,"uchicago ma student (e.g., mapss, macss, harris/crown ma)",woman,english,MA Student,Graduate,Woman,2,FALSE,FALSE,FALSE,FALSE
231,"uchicago ma student (e.g., mapss, macss, harris/crown ma)",man,mandarin,MA Student,Graduate,Man,3,FALSE,FALSE,FALSE,FALSE
231,"uchicago ma student (e.g., mapss, macss, harris/crown ma)",man,english,MA Student,Graduate,Man,3,FALSE,FALSE,FALSE,FALSE
231,"uchicago ma student (e.g., mapss, macss, harris/crown ma)",man,teochew,MA Student,Graduate,Man,3,FALSE,FALSE,FALSE,FALSE
231,"uchicago ma student (e.g., mapss, macss, harris/crown ma)",new to the university of chicago (<1 year),mandarin,MA Student,Graduate,Man,3,TRUE,FALSE,FALSE,FALSE
231,"uchicago ma student (e.g., mapss, macss, harris/crown ma)",new to the university of chicago (<1 year),english,MA Student,Graduate,Man,3,TRUE,FALSE,FALSE,FALSE
231,"uchicago ma student (e.g., mapss, macss, harris/crown ma)",new to the university of chicago (<1 year),teochew,MA Student,Graduate,Man,3,TRUE,FALSE,FALSE,FALSE
231,"uchicago ma student (e.g., mapss, macss, harris/crown ma)",new to chicago (<1 year),mandarin,MA Student,Graduate,Man,3,FALSE,TRUE,FALSE,FALSE
231,"uchicago ma student (e.g., mapss, macss, harris/crown ma)",new to chicago (<1 year),english,MA Student,Graduate,Man,3,FALSE,TRUE,FALSE,FALSE
231,"uchicago ma student (e.g., mapss, macss, harris/crown ma)",new to chicago (<1 year),teochew,MA Student,Graduate,Man,3,FALSE,TRUE,FALSE,FALSE
231,"uchicago ma student (e.g., mapss, macss, harris/crown ma)",new to the us (<1 year),mandarin,MA Student,Graduate,Man,3,FALSE,FALSE,TRUE,FALSE
231,"uchicago ma student (e.g., mapss, macss, harris/crown ma)",new to the us (<1 year),english,MA Student,Graduate,Man,3,FALSE,FALSE,TRUE,FALSE
231,"uchicago ma student (e.g., mapss, macss, harris/crown ma)",new to the us (<1 year),teochew,MA Student,Graduate,Man,3,FALSE,FALSE,TRUE,FALSE
231,"uchicago ma student (e.g., mapss, macss, harris/crown ma)",raised outside the us,mandarin,MA Student,Graduate,Man,3,FALSE,FALSE,FALSE,TRUE
231,"uchicago ma student (e.g., mapss, macss, harris/crown ma)",raised outside the us,english,MA Student,Graduate,Man,3,FALSE,FALSE,FALSE,TRUE
231,"uchicago ma student (e.g., mapss, macss, harris/crown ma)",raised outside the us,teochew,MA Student,Graduate,Man,3,FALSE,FALSE,FALSE,TRUE
232,"uchicago ma student (e.g., mapss, macss, harris/crown ma)",woman,NA,MA Student,Graduate,Woman,NA,FALSE,FALSE,FALSE,FALSE
233,"uchicago ma student (e.g., mapss, macss, harris/crown ma)",woman,mandarin,MA Student,Graduate,Woman,1,FALSE,FALSE,FALSE,FALSE
233,"uchicago ma student (e.g., mapss, macss, harris/crown ma)",new to the university of chicago (<1 year),mandarin,MA Student,Graduate,Woman,1,TRUE,FALSE,FALSE,FALSE
233,"uchicago ma student (e.g., mapss, macss, harris/crown ma)",new to chicago (<1 year),mandarin,MA Student,Graduate,Woman,1,FALSE,TRUE,FALSE,FALSE
233,"uchicago ma student (e.g., mapss, macss, harris/crown ma)",new to the us (<1 year),mandarin,MA Student,Graduate,Woman,1,FALSE,FALSE,TRUE,FALSE
233,"uchicago ma student (e.g., mapss, macss, harris/crown ma)",raised outside the us,mandarin,MA Student,Graduate,Woman,1,FALSE,FALSE,FALSE,TRUE
234,"uchicago ma student (e.g., mapss, macss, harris/crown ma)",woman,english,MA Student,Graduate,Woman,1,FALSE,FALSE,FALSE,FALSE
235,"uchicago ma student (e.g., mapss, macss, harris/crown ma)",NA,NA,MA Student,Graduate,NA,NA,NA,NA,NA,NA
236,"uchicago ma student (e.g., mapss, macss, harris/crown ma)",woman,mandarin,MA Student,Graduate,Woman,2,FALSE,FALSE,FALSE,FALSE
236,"uchicago ma student (e.g., mapss, macss, harris/crown ma)",woman,english,MA Student,Graduate,Woman,2,FALSE,FALSE,FALSE,FALSE
236,"uchicago ma student (e.g., mapss, macss, harris/crown ma)",new to the university of chicago (<1 year),mandarin,MA Student,Graduate,Woman,2,TRUE,FALSE,FALSE,FALSE
236,"uchicago ma student (e.g., mapss, macss, harris/crown ma)",new to the university of chicago (<1 year),english,MA Student,Graduate,Woman,2,TRUE,FALSE,FALSE,FALSE
236,"uchicago ma student (e.g., mapss, macss, harris/crown ma)",new to chicago (<1 year),mandarin,MA Student,Graduate,Woman,2,FALSE,TRUE,FALSE,FALSE
236,"uchicago ma student (e.g., mapss, macss, harris/crown ma)",new to chicago (<1 year),english,MA Student,Graduate,Woman,2,FALSE,TRUE,FALSE,FALSE
236,"uchicago ma student (e.g., mapss, macss, harris/crown ma)",raised outside the us,mandarin,MA Student,Graduate,Woman,2,FALSE,FALSE,FALSE,TRUE
236,"uchicago ma student (e.g., mapss, macss, harris/crown ma)",raised outside the us,english,MA Student,Graduate,Woman,2,FALSE,FALSE,FALSE,TRUE
237,"uchicago ma student (e.g., mapss, macss, harris/crown ma)",woman,english,MA Student,Graduate,Woman,3,FALSE,FALSE,FALSE,FALSE
237,"uchicago ma student (e.g., mapss, macss, harris/crown ma)",woman,hindi,MA Student,Graduate,Woman,3,FALSE,FALSE,FALSE,FALSE
237,"uchicago ma student (e.g., mapss, macss, harris/crown ma)",woman,gujarati,MA Student,Graduate,Woman,3,FALSE,FALSE,FALSE,FALSE
237,"uchicago ma student (e.g., mapss, macss, harris/crown ma)",new to the university of chicago (<1 year),english,MA Student,Graduate,Woman,3,TRUE,FALSE,FALSE,FALSE
237,"uchicago ma student (e.g., mapss, macss, harris/crown ma)",new to the university of chicago (<1 year),hindi,MA Student,Graduate,Woman,3,TRUE,FALSE,FALSE,FALSE
237,"uchicago ma student (e.g., mapss, macss, harris/crown ma)",new to the university of chicago (<1 year),gujarati,MA Student,Graduate,Woman,3,TRUE,FALSE,FALSE,FALSE
237,"uchicago ma student (e.g., mapss, macss, harris/crown ma)",new to chicago (<1 year),english,MA Student,Graduate,Woman,3,FALSE,TRUE,FALSE,FALSE
237,"uchicago ma student (e.g., mapss, macss, harris/crown ma)",new to chicago (<1 year),hindi,MA Student,Graduate,Woman,3,FALSE,TRUE,FALSE,FALSE
237,"uchicago ma student (e.g., mapss, macss, harris/crown ma)",new to chicago (<1 year),gujarati,MA Student,Graduate,Woman,3,FALSE,TRUE,FALSE,FALSE
237,"uchicago ma student (e.g., mapss, macss, harris/crown ma)",raised outside the us,english,MA Student,Graduate,Woman,3,FALSE,FALSE,FALSE,TRUE
237,"uchicago ma student (e.g., mapss, macss, harris/crown ma)",raised outside the us,hindi,MA Student,Graduate,Woman,3,FALSE,FALSE,FALSE,TRUE
237,"uchicago ma student (e.g., mapss, macss, harris/crown ma)",raised outside the us,gujarati,MA Student,Graduate,Woman,3,FALSE,FALSE,FALSE,TRUE
238,"uchicago ma student (e.g., mapss, macss, harris/crown ma)",woman,mandarin,MA Student,Graduate,Woman,1,FALSE,FALSE,FALSE,FALSE
238,"uchicago ma student (e.g., mapss, macss, harris/crown ma)",new to the university of chicago (<1 year),mandarin,MA Student,Graduate,Woman,1,TRUE,FALSE,FALSE,FALSE
238,"uchicago ma student (e.g., mapss, macss, harris/crown ma)",new to chicago (<1 year),mandarin,MA Student,Graduate,Woman,1,FALSE,TRUE,FALSE,FALSE
238,"uchicago ma student (e.g., mapss, macss, harris/crown ma)",raised outside the us,mandarin,MA Student,Graduate,Woman,1,FALSE,FALSE,FALSE,TRUE
239,"uchicago ma student (e.g., mapss, macss, harris/crown ma)",woman,mandarin,MA Student,Graduate,Woman,2,FALSE,FALSE,FALSE,FALSE
239,"uchicago ma student (e.g., mapss, macss, harris/crown ma)",woman,english,MA Student,Graduate,Woman,2,FALSE,FALSE,FALSE,FALSE
240,other uchicago student,woman,english,Other Student,Other Student,Woman,1,FALSE,FALSE,FALSE,FALSE
241,"uchicago ma student (e.g., mapss, macss, harris/crown ma)",woman,NA,MA Student,Graduate,Woman,NA,FALSE,FALSE,FALSE,FALSE
241,"uchicago ma student (e.g., mapss, macss, harris/crown ma)",new to the university of chicago (<1 year),NA,MA Student,Graduate,Woman,NA,TRUE,FALSE,FALSE,FALSE
242,"uchicago ma student (e.g., mapss, macss, harris/crown ma)",woman,english,MA Student,Graduate,Woman,1,FALSE,FALSE,FALSE,FALSE
242,"uchicago ma student (e.g., mapss, macss, harris/crown ma)",new to the university of chicago (<1 year),english,MA Student,Graduate,Woman,1,TRUE,FALSE,FALSE,FALSE
242,"uchicago ma student (e.g., mapss, macss, harris/crown ma)",new to chicago (<1 year),english,MA Student,Graduate,Woman,1,FALSE,TRUE,FALSE,FALSE
243,"uchicago ma student (e.g., mapss, macss, harris/crown ma)",man,mandarin,MA Student,Graduate,Man,2,FALSE,FALSE,FALSE,FALSE
243,"uchicago ma student (e.g., mapss, macss, harris/crown ma)",man,english,MA Student,Graduate,Man,2,FALSE,FALSE,FALSE,FALSE
244,"uchicago ma student (e.g., mapss, macss, harris/crown ma)",woman,mandarin,MA Student,Graduate,Woman,2,FALSE,FALSE,FALSE,FALSE
244,"uchicago ma student (e.g., mapss, macss, harris/crown ma)",woman,english,MA Student,Graduate,Woman,2,FALSE,FALSE,FALSE,FALSE
244,"uchicago ma student (e.g., mapss, macss, harris/crown ma)",new to the university of chicago (<1 year),mandarin,MA Student,Graduate,Woman,2,TRUE,FALSE,FALSE,FALSE
244,"uchicago ma student (e.g., mapss, macss, harris/crown ma)",new to the university of chicago (<1 year),english,MA Student,Graduate,Woman,2,TRUE,FALSE,FALSE,FALSE
244,"uchicago ma student (e.g., mapss, macss, harris/crown ma)",new to chicago (<1 year),mandarin,MA Student,Graduate,Woman,2,FALSE,TRUE,FALSE,FALSE
244,"uchicago ma student (e.g., mapss, macss, harris/crown ma)",new to chicago (<1 year),english,MA Student,Graduate,Woman,2,FALSE,TRUE,FALSE,FALSE
244,"uchicago ma student (e.g., mapss, macss, harris/crown ma)",raised outside the us,mandarin,MA Student,Graduate,Woman,2,FALSE,FALSE,FALSE,TRUE
244,"uchicago ma student (e.g., mapss, macss, harris/crown ma)",raised outside the us,english,MA Student,Graduate,Woman,2,FALSE,FALSE,FALSE,TRUE
245,"uchicago ma student (e.g., mapss, macss, harris/crown ma)",woman,NA,MA Student,Graduate,Woman,NA,FALSE,FALSE,FALSE,FALSE
246,"uchicago ma student (e.g., mapss, macss, harris/crown ma)",woman,english,MA Student,Graduate,Woman,2,FALSE,FALSE,FALSE,FALSE
246,"uchicago ma student (e.g., mapss, macss, harris/crown ma)",woman,korean,MA Student,Graduate,Woman,2,FALSE,FALSE,FALSE,FALSE
246,"uchicago ma student (e.g., mapss, macss, harris/crown ma)",new to the university of chicago (<1 year),english,MA Student,Graduate,Woman,2,TRUE,FALSE,FALSE,FALSE
246,"uchicago ma student (e.g., mapss, macss, harris/crown ma)",new to the university of chicago (<1 year),korean,MA Student,Graduate,Woman,2,TRUE,FALSE,FALSE,FALSE
247,"uchicago ma student (e.g., mapss, macss, harris/crown ma)",woman,NA,MA Student,Graduate,Woman,NA,FALSE,FALSE,FALSE,FALSE
248,"uchicago ma student (e.g., mapss, macss, harris/crown ma)",man,english,MA Student,Graduate,Man,2,FALSE,FALSE,FALSE,FALSE
248,"uchicago ma student (e.g., mapss, macss, harris/crown ma)",man,french,MA Student,Graduate,Man,2,FALSE,FALSE,FALSE,FALSE
248,"uchicago ma student (e.g., mapss, macss, harris/crown ma)",new to the university of chicago (<1 year),english,MA Student,Graduate,Man,2,TRUE,FALSE,FALSE,FALSE
248,"uchicago ma student (e.g., mapss, macss, harris/crown ma)",new to the university of chicago (<1 year),french,MA Student,Graduate,Man,2,TRUE,FALSE,FALSE,FALSE
248,"uchicago ma student (e.g., mapss, macss, harris/crown ma)",new to chicago (<1 year),english,MA Student,Graduate,Man,2,FALSE,TRUE,FALSE,FALSE
248,"uchicago ma student (e.g., mapss, macss, harris/crown ma)",new to chicago (<1 year),french,MA Student,Graduate,Man,2,FALSE,TRUE,FALSE,FALSE
248,"uchicago ma student (e.g., mapss, macss, harris/crown ma)",raised outside the us,english,MA Student,Graduate,Man,2,FALSE,FALSE,FALSE,TRUE
248,"uchicago ma student (e.g., mapss, macss, harris/crown ma)",raised outside the us,french,MA Student,Graduate,Man,2,FALSE,FALSE,FALSE,TRUE
249,"uchicago ma student (e.g., mapss, macss, harris/crown ma)",woman,mandarin,MA Student,Graduate,Woman,1,FALSE,FALSE,FALSE,FALSE
250,"uchicago ma student (e.g., mapss, macss, harris/crown ma)",woman,english,MA Student,Graduate,Woman,1,FALSE,FALSE,FALSE,FALSE
250,"uchicago ma student (e.g., mapss, macss, harris/crown ma)",new to the university of chicago (<1 year),english,MA Student,Graduate,Woman,1,TRUE,FALSE,FALSE,FALSE
251,"uchicago ma student (e.g., mapss, macss, harris/crown ma)",woman,spanish,MA Student,Graduate,Woman,2,FALSE,FALSE,FALSE,FALSE
251,"uchicago ma student (e.g., mapss, macss, harris/crown ma)",woman,english,MA Student,Graduate,Woman,2,FALSE,FALSE,FALSE,FALSE
251,"uchicago ma student (e.g., mapss, macss, harris/crown ma)",new to the university of chicago (<1 year),spanish,MA Student,Graduate,Woman,2,TRUE,FALSE,FALSE,FALSE
251,"uchicago ma student (e.g., mapss, macss, harris/crown ma)",new to the university of chicago (<1 year),english,MA Student,Graduate,Woman,2,TRUE,FALSE,FALSE,FALSE
251,"uchicago ma student (e.g., mapss, macss, harris/crown ma)",new to chicago (<1 year),spanish,MA Student,Graduate,Woman,2,FALSE,TRUE,FALSE,FALSE
251,"uchicago ma student (e.g., mapss, macss, harris/crown ma)",new to chicago (<1 year),english,MA Student,Graduate,Woman,2,FALSE,TRUE,FALSE,FALSE
252,"uchicago ma student (e.g., mapss, macss, harris/crown ma)",woman,NA,MA Student,Graduate,Woman,NA,FALSE,FALSE,FALSE,FALSE
252,"uchicago ma student (e.g., mapss, macss, harris/crown ma)",new to the university of chicago (<1 year),NA,MA Student,Graduate,Woman,NA,TRUE,FALSE,FALSE,FALSE
252,"uchicago ma student (e.g., mapss, macss, harris/crown ma)",raised outside the us,NA,MA Student,Graduate,Woman,NA,FALSE,FALSE,FALSE,TRUE
253,"uchicago ma student (e.g., mapss, macss, harris/crown ma)",woman,NA,MA Student,Graduate,Woman,NA,FALSE,FALSE,FALSE,FALSE
254,"uchicago ma student (e.g., mapss, macss, harris/crown ma)",woman,english,MA Student,Graduate,Woman,1,FALSE,FALSE,FALSE,FALSE
255,"uchicago ma student (e.g., mapss, macss, harris/crown ma)",woman,mandarin,MA Student,Graduate,Woman,1,FALSE,FALSE,FALSE,FALSE
256,"uchicago ma student (e.g., mapss, macss, harris/crown ma)",woman,mandarin,MA Student,Graduate,Woman,1,FALSE,FALSE,FALSE,FALSE
256,"uchicago ma student (e.g., mapss, macss, harris/crown ma)",new to the university of chicago (<1 year),mandarin,MA Student,Graduate,Woman,1,TRUE,FALSE,FALSE,FALSE
256,"uchicago ma student (e.g., mapss, macss, harris/crown ma)",new to chicago (<1 year),mandarin,MA Student,Graduate,Woman,1,FALSE,TRUE,FALSE,FALSE
256,"uchicago ma student (e.g., mapss, macss, harris/crown ma)",new to the us (<1 year),mandarin,MA Student,Graduate,Woman,1,FALSE,FALSE,TRUE,FALSE
256,"uchicago ma student (e.g., mapss, macss, harris/crown ma)",raised outside the us,mandarin,MA Student,Graduate,Woman,1,FALSE,FALSE,FALSE,TRUE
257,"uchicago ma student (e.g., mapss, macss, harris/crown ma)",woman,NA,MA Student,Graduate,Woman,NA,FALSE,FALSE,FALSE,FALSE
258,"uchicago ma student (e.g., mapss, macss, harris/crown ma)",woman,english,MA Student,Graduate,Woman,1,FALSE,FALSE,FALSE,FALSE
258,"uchicago ma student (e.g., mapss, macss, harris/crown ma)",new to the university of chicago (<1 year),english,MA Student,Graduate,Woman,1,TRUE,FALSE,FALSE,FALSE
259,"uchicago ma student (e.g., mapss, macss, harris/crown ma)",woman,mandarin,MA Student,Graduate,Woman,1,FALSE,FALSE,FALSE,FALSE
259,"uchicago ma student (e.g., mapss, macss, harris/crown ma)",new to the university of chicago (<1 year),mandarin,MA Student,Graduate,Woman,1,TRUE,FALSE,FALSE,FALSE
259,"uchicago ma student (e.g., mapss, macss, harris/crown ma)",new to chicago (<1 year),mandarin,MA Student,Graduate,Woman,1,FALSE,TRUE,FALSE,FALSE
259,"uchicago ma student (e.g., mapss, macss, harris/crown ma)",new to the us (<1 year),mandarin,MA Student,Graduate,Woman,1,FALSE,FALSE,TRUE,FALSE
259,"uchicago ma student (e.g., mapss, macss, harris/crown ma)",raised outside the us,mandarin,MA Student,Graduate,Woman,1,FALSE,FALSE,FALSE,TRUE
260,"uchicago ma student (e.g., mapss, macss, harris/crown ma)",woman,NA,MA Student,Graduate,Woman,NA,FALSE,FALSE,FALSE,FALSE
261,"uchicago ma student (e.g., mapss, macss, harris/crown ma)",woman,mandarin,MA Student,Graduate,Woman,1,FALSE,FALSE,FALSE,FALSE
261,"uchicago ma student (e.g., mapss, macss, harris/crown ma)",new to the university of chicago (<1 year),mandarin,MA Student,Graduate,Woman,1,TRUE,FALSE,FALSE,FALSE
261,"uchicago ma student (e.g., mapss, macss, harris/crown ma)",new to chicago (<1 year),mandarin,MA Student,Graduate,Woman,1,FALSE,TRUE,FALSE,FALSE
261,"uchicago ma student (e.g., mapss, macss, harris/crown ma)",new to the us (<1 year),mandarin,MA Student,Graduate,Woman,1,FALSE,FALSE,TRUE,FALSE
261,"uchicago ma student (e.g., mapss, macss, harris/crown ma)",raised outside the us,mandarin,MA Student,Graduate,Woman,1,FALSE,FALSE,FALSE,TRUE
262,"uchicago ma student (e.g., mapss, macss, harris/crown ma)",man,mandarin,MA Student,Graduate,Man,3,FALSE,FALSE,FALSE,FALSE
262,"uchicago ma student (e.g., mapss, macss, harris/crown ma)",man,japanese,MA Student,Graduate,Man,3,FALSE,FALSE,FALSE,FALSE
262,"uchicago ma student (e.g., mapss, macss, harris/crown ma)",man,english,MA Student,Graduate,Man,3,FALSE,FALSE,FALSE,FALSE
262,"uchicago ma student (e.g., mapss, macss, harris/crown ma)",new to chicago (<1 year),mandarin,MA Student,Graduate,Man,3,FALSE,TRUE,FALSE,FALSE
262,"uchicago ma student (e.g., mapss, macss, harris/crown ma)",new to chicago (<1 year),japanese,MA Student,Graduate,Man,3,FALSE,TRUE,FALSE,FALSE
262,"uchicago ma student (e.g., mapss, macss, harris/crown ma)",new to chicago (<1 year),english,MA Student,Graduate,Man,3,FALSE,TRUE,FALSE,FALSE
263,"uchicago ma student (e.g., mapss, macss, harris/crown ma)",woman,NA,MA Student,Graduate,Woman,NA,FALSE,FALSE,FALSE,FALSE
263,"uchicago ma student (e.g., mapss, macss, harris/crown ma)",new to the university of chicago (<1 year),NA,MA Student,Graduate,Woman,NA,TRUE,FALSE,FALSE,FALSE
263,"uchicago ma student (e.g., mapss, macss, harris/crown ma)",new to chicago (<1 year),NA,MA Student,Graduate,Woman,NA,FALSE,TRUE,FALSE,FALSE
263,"uchicago ma student (e.g., mapss, macss, harris/crown ma)",raised outside the us,NA,MA Student,Graduate,Woman,NA,FALSE,FALSE,FALSE,TRUE
264,"uchicago ma student (e.g., mapss, macss, harris/crown ma)",man,english,MA Student,Graduate,Man,1,FALSE,FALSE,FALSE,FALSE
264,"uchicago ma student (e.g., mapss, macss, harris/crown ma)",new to the university of chicago (<1 year),english,MA Student,Graduate,Man,1,TRUE,FALSE,FALSE,FALSE
264,"uchicago ma student (e.g., mapss, macss, harris/crown ma)",new to chicago (<1 year),english,MA Student,Graduate,Man,1,FALSE,TRUE,FALSE,FALSE
265,"uchicago ma student (e.g., mapss, macss, harris/crown ma)",woman,mandarin,MA Student,Graduate,Woman,1,FALSE,FALSE,FALSE,FALSE
265,"uchicago ma student (e.g., mapss, macss, harris/crown ma)",new to the university of chicago (<1 year),mandarin,MA Student,Graduate,Woman,1,TRUE,FALSE,FALSE,FALSE
265,"uchicago ma student (e.g., mapss, macss, harris/crown ma)",new to chicago (<1 year),mandarin,MA Student,Graduate,Woman,1,FALSE,TRUE,FALSE,FALSE
265,"uchicago ma student (e.g., mapss, macss, harris/crown ma)",new to the us (<1 year),mandarin,MA Student,Graduate,Woman,1,FALSE,FALSE,TRUE,FALSE
266,"uchicago ma student (e.g., mapss, macss, harris/crown ma)",woman,mandarin,MA Student,Graduate,Woman,1,FALSE,FALSE,FALSE,FALSE
266,"uchicago ma student (e.g., mapss, macss, harris/crown ma)",new to the university of chicago (<1 year),mandarin,MA Student,Graduate,Woman,1,TRUE,FALSE,FALSE,FALSE
266,"uchicago ma student (e.g., mapss, macss, harris/crown ma)",new to chicago (<1 year),mandarin,MA Student,Graduate,Woman,1,FALSE,TRUE,FALSE,FALSE
266,"uchicago ma student (e.g., mapss, macss, harris/crown ma)",raised outside the us,mandarin,MA Student,Graduate,Woman,1,FALSE,FALSE,FALSE,TRUE
267,"uchicago ma student (e.g., mapss, macss, harris/crown ma)",man,spanish,MA Student,Graduate,Man,3,FALSE,FALSE,FALSE,FALSE
267,"uchicago ma student (e.g., mapss, macss, harris/crown ma)",man,french,MA Student,Graduate,Man,3,FALSE,FALSE,FALSE,FALSE
267,"uchicago ma student (e.g., mapss, macss, harris/crown ma)",man,english,MA Student,Graduate,Man,3,FALSE,FALSE,FALSE,FALSE
268,"uchicago ma student (e.g., mapss, macss, harris/crown ma)",man,english,MA Student,Graduate,Man,1,FALSE,FALSE,FALSE,FALSE
269,"uchicago ma student (e.g., mapss, macss, harris/crown ma)",woman,mandarin,MA Student,Graduate,Woman,1,FALSE,FALSE,FALSE,FALSE
270,"uchicago ma student (e.g., mapss, macss, harris/crown ma)",woman,mandarin,MA Student,Graduate,Woman,2,FALSE,FALSE,FALSE,FALSE
270,"uchicago ma student (e.g., mapss, macss, harris/crown ma)",woman,english,MA Student,Graduate,Woman,2,FALSE,FALSE,FALSE,FALSE
270,"uchicago ma student (e.g., mapss, macss, harris/crown ma)",new to the university of chicago (<1 year),mandarin,MA Student,Graduate,Woman,2,TRUE,FALSE,FALSE,FALSE
270,"uchicago ma student (e.g., mapss, macss, harris/crown ma)",new to the university of chicago (<1 year),english,MA Student,Graduate,Woman,2,TRUE,FALSE,FALSE,FALSE
270,"uchicago ma student (e.g., mapss, macss, harris/crown ma)",new to chicago (<1 year),mandarin,MA Student,Graduate,Woman,2,FALSE,TRUE,FALSE,FALSE
270,"uchicago ma student (e.g., mapss, macss, harris/crown ma)",new to chicago (<1 year),english,MA Student,Graduate,Woman,2,FALSE,TRUE,FALSE,FALSE
271,"uchicago ma student (e.g., mapss, macss, harris/crown ma)",woman,NA,MA Student,Graduate,Woman,NA,FALSE,FALSE,FALSE,FALSE
271,"uchicago ma student (e.g., mapss, macss, harris/crown ma)",new to the university of chicago (<1 year),NA,MA Student,Graduate,Woman,NA,TRUE,FALSE,FALSE,FALSE
271,"uchicago ma student (e.g., mapss, macss, harris/crown ma)",new to chicago (<1 year),NA,MA Student,Graduate,Woman,NA,FALSE,TRUE,FALSE,FALSE
272,"uchicago ma student (e.g., mapss, macss, harris/crown ma)",woman,NA,MA Student,Graduate,Woman,NA,FALSE,FALSE,FALSE,FALSE
273,"uchicago ma student (e.g., mapss, macss, harris/crown ma)",woman,mandarin,MA Student,Graduate,Woman,1,FALSE,FALSE,FALSE,FALSE
273,"uchicago ma student (e.g., mapss, macss, harris/crown ma)",new to the university of chicago (<1 year),mandarin,MA Student,Graduate,Woman,1,TRUE,FALSE,FALSE,FALSE
273,"uchicago ma student (e.g., mapss, macss, harris/crown ma)",new to chicago (<1 year),mandarin,MA Student,Graduate,Woman,1,FALSE,TRUE,FALSE,FALSE
273,"uchicago ma student (e.g., mapss, macss, harris/crown ma)",raised outside the us,mandarin,MA Student,Graduate,Woman,1,FALSE,FALSE,FALSE,TRUE
274,"uchicago ma student (e.g., mapss, macss, harris/crown ma)",woman,mandarin,MA Student,Graduate,Woman,1,FALSE,FALSE,FALSE,FALSE
275,uchicago undergraduate student,man,mandarin,Undergraduate Student,Undergraduate,Man,1,FALSE,FALSE,FALSE,FALSE
276,"uchicago ma student (e.g., mapss, macss, harris/crown ma)",woman,english,MA Student,Graduate,Woman,2,FALSE,FALSE,FALSE,FALSE
276,"uchicago ma student (e.g., mapss, macss, harris/crown ma)",woman,mandarin,MA Student,Graduate,Woman,2,FALSE,FALSE,FALSE,FALSE
277,"uchicago ma student (e.g., mapss, macss, harris/crown ma)",woman,mandarin,MA Student,Graduate,Woman,1,FALSE,FALSE,FALSE,FALSE
278,"uchicago ma student (e.g., mapss, macss, harris/crown ma)",man,english,MA Student,Graduate,Man,2,FALSE,FALSE,FALSE,FALSE
278,"uchicago ma student (e.g., mapss, macss, harris/crown ma)",man,arabic,MA Student,Graduate,Man,2,FALSE,FALSE,FALSE,FALSE
278,"uchicago ma student (e.g., mapss, macss, harris/crown ma)",new to the university of chicago (<1 year),english,MA Student,Graduate,Man,2,TRUE,FALSE,FALSE,FALSE
278,"uchicago ma student (e.g., mapss, macss, harris/crown ma)",new to the university of chicago (<1 year),arabic,MA Student,Graduate,Man,2,TRUE,FALSE,FALSE,FALSE
278,"uchicago ma student (e.g., mapss, macss, harris/crown ma)",new to chicago (<1 year),english,MA Student,Graduate,Man,2,FALSE,TRUE,FALSE,FALSE
278,"uchicago ma student (e.g., mapss, macss, harris/crown ma)",new to chicago (<1 year),arabic,MA Student,Graduate,Man,2,FALSE,TRUE,FALSE,FALSE
278,"uchicago ma student (e.g., mapss, macss, harris/crown ma)",new to the us (<1 year),english,MA Student,Graduate,Man,2,FALSE,FALSE,TRUE,FALSE
278,"uchicago ma student (e.g., mapss, macss, harris/crown ma)",new to the us (<1 year),arabic,MA Student,Graduate,Man,2,FALSE,FALSE,TRUE,FALSE
278,"uchicago ma student (e.g., mapss, macss, harris/crown ma)",raised outside the us,english,MA Student,Graduate,Man,2,FALSE,FALSE,FALSE,TRUE
278,"uchicago ma student (e.g., mapss, macss, harris/crown ma)",raised outside the us,arabic,MA Student,Graduate,Man,2,FALSE,FALSE,FALSE,TRUE
279,uchicago phd student,woman,english,PhD Student,Graduate,Woman,1,FALSE,FALSE,FALSE,FALSE
280,not affiliated with uchicago,woman,english,Not Affiliated,Not Affiliated,Woman,1,FALSE,FALSE,FALSE,FALSE
280,not affiliated with uchicago,never been part of the uchicago campus/community,english,Not Affiliated,Not Affiliated,Woman,1,FALSE,FALSE,FALSE,FALSE
281,uchicago faculty/staff,man,english,Faculty/Staff,Faculty/Staff,Man,1,FALSE,FALSE,FALSE,FALSE
282,uchicago faculty/staff,man,english,Faculty/Staff,Faculty/Staff,Man,1,FALSE,FALSE,FALSE,FALSE
282,uchicago faculty/staff,new to chicago (<1 year),english,Faculty/Staff,Faculty/Staff,Man,1,FALSE,TRUE,FALSE,FALSE
282,uchicago faculty/staff,new to the university of chicago (<1 year),english,Faculty/Staff,Faculty/Staff,Man,1,TRUE,FALSE,FALSE,FALSE
283,"uchicago ma student (e.g., mapss, macss, harris/crown ma)",NA,NA,MA Student,Graduate,NA,NA,NA,NA,NA,NA
284,"uchicago ma student (e.g., mapss, macss, harris/crown ma)",woman,mandarin,MA Student,Graduate,Woman,2,FALSE,FALSE,FALSE,FALSE
284,"uchicago ma student (e.g., mapss, macss, harris/crown ma)",woman,english,MA Student,Graduate,Woman,2,FALSE,FALSE,FALSE,FALSE
284,"uchicago ma student (e.g., mapss, macss, harris/crown ma)",new to chicago (<1 year),mandarin,MA Student,Graduate,Woman,2,FALSE,TRUE,FALSE,FALSE
284,"uchicago ma student (e.g., mapss, macss, harris/crown ma)",new to chicago (<1 year),english,MA Student,Graduate,Woman,2,FALSE,TRUE,FALSE,FALSE
284,"uchicago ma student (e.g., mapss, macss, harris/crown ma)",new to the university of chicago (<1 year),mandarin,MA Student,Graduate,Woman,2,TRUE,FALSE,FALSE,FALSE
284,"uchicago ma student (e.g., mapss, macss, harris/crown ma)",new to the university of chicago (<1 year),english,MA Student,Graduate,Woman,2,TRUE,FALSE,FALSE,FALSE
285,"uchicago ma student (e.g., mapss, macss, harris/crown ma)",woman,english,MA Student,Graduate,Woman,1,FALSE,FALSE,FALSE,FALSE
285,"uchicago ma student (e.g., mapss, macss, harris/crown ma)",new to the university of chicago (<1 year),english,MA Student,Graduate,Woman,1,TRUE,FALSE,FALSE,FALSE
286,"uchicago ma student (e.g., mapss, macss, harris/crown ma)",man,mandarin,MA Student,Graduate,Man,1,FALSE,FALSE,FALSE,FALSE
286,"uchicago ma student (e.g., mapss, macss, harris/crown ma)",new to chicago (<1 year),mandarin,MA Student,Graduate,Man,1,FALSE,TRUE,FALSE,FALSE
286,"uchicago ma student (e.g., mapss, macss, harris/crown ma)",new to the university of chicago (<1 year),mandarin,MA Student,Graduate,Man,1,TRUE,FALSE,FALSE,FALSE
287,"uchicago ma student (e.g., mapss, macss, harris/crown ma)",woman,mandarin,MA Student,Graduate,Woman,1,FALSE,FALSE,FALSE,FALSE
287,"uchicago ma student (e.g., mapss, macss, harris/crown ma)",raised outside the us,mandarin,MA Student,Graduate,Woman,1,FALSE,FALSE,FALSE,TRUE
287,"uchicago ma student (e.g., mapss, macss, harris/crown ma)",new to chicago (<1 year),mandarin,MA Student,Graduate,Woman,1,FALSE,TRUE,FALSE,FALSE
287,"uchicago ma student (e.g., mapss, macss, harris/crown ma)",new to the university of chicago (<1 year),mandarin,MA Student,Graduate,Woman,1,TRUE,FALSE,FALSE,FALSE
288,"uchicago ma student (e.g., mapss, macss, harris/crown ma)",man,english,MA Student,Graduate,Man,2,FALSE,FALSE,FALSE,FALSE
288,"uchicago ma student (e.g., mapss, macss, harris/crown ma)",man,spanish,MA Student,Graduate,Man,2,FALSE,FALSE,FALSE,FALSE
289,"uchicago ma student (e.g., mapss, macss, harris/crown ma)",NA,NA,MA Student,Graduate,NA,NA,NA,NA,NA,NA
290,"uchicago ma student (e.g., mapss, macss, harris/crown ma)",non-binary or other gender identity,english,MA Student,Graduate,Other,1,FALSE,FALSE,FALSE,FALSE
290,"uchicago ma student (e.g., mapss, macss, harris/crown ma)",new to chicago (<1 year),english,MA Student,Graduate,Other,1,FALSE,TRUE,FALSE,FALSE
290,"uchicago ma student (e.g., mapss, macss, harris/crown ma)",new to the university of chicago (<1 year),english,MA Student,Graduate,Other,1,TRUE,FALSE,FALSE,FALSE
291,"uchicago ma student (e.g., mapss, macss, harris/crown ma)",woman,english,MA Student,Graduate,Woman,1,FALSE,FALSE,FALSE,FALSE
291,"uchicago ma student (e.g., mapss, macss, harris/crown ma)",new to chicago (<1 year),english,MA Student,Graduate,Woman,1,FALSE,TRUE,FALSE,FALSE
291,"uchicago ma student (e.g., mapss, macss, harris/crown ma)",new to the university of chicago (<1 year),english,MA Student,Graduate,Woman,1,TRUE,FALSE,FALSE,FALSE
292,"uchicago ma student (e.g., mapss, macss, harris/crown ma)",woman,english,MA Student,Graduate,Woman,1,FALSE,FALSE,FALSE,FALSE
292,"uchicago ma student (e.g., mapss, macss, harris/crown ma)",new to the university of chicago (<1 year),english,MA Student,Graduate,Woman,1,TRUE,FALSE,FALSE,FALSE
293,"uchicago ma student (e.g., mapss, macss, harris/crown ma)",woman,english,MA Student,Graduate,Woman,1,FALSE,FALSE,FALSE,FALSE
294,"uchicago ma student (e.g., mapss, macss, harris/crown ma)",woman,mandarin,MA Student,Graduate,Woman,1,FALSE,FALSE,FALSE,FALSE
295,"uchicago ma student (e.g., mapss, macss, harris/crown ma)",man,mandarin,MA Student,Graduate,Man,1,FALSE,FALSE,FALSE,FALSE
296,"uchicago ma student (e.g., mapss, macss, harris/crown ma)",man,NA,MA Student,Graduate,Man,NA,FALSE,FALSE,FALSE,FALSE
296,"uchicago ma student (e.g., mapss, macss, harris/crown ma)",new to chicago (<1 year),NA,MA Student,Graduate,Man,NA,FALSE,TRUE,FALSE,FALSE
296,"uchicago ma student (e.g., mapss, macss, harris/crown ma)",new to the university of chicago (<1 year),NA,MA Student,Graduate,Man,NA,TRUE,FALSE,FALSE,FALSE
297,"uchicago ma student (e.g., mapss, macss, harris/crown ma)",woman,english,MA Student,Graduate,Woman,2,FALSE,FALSE,FALSE,FALSE
297,"uchicago ma student (e.g., mapss, macss, harris/crown ma)",woman,japanese,MA Student,Graduate,Woman,2,FALSE,FALSE,FALSE,FALSE
297,"uchicago ma student (e.g., mapss, macss, harris/crown ma)",new to chicago (<1 year),english,MA Student,Graduate,Woman,2,FALSE,TRUE,FALSE,FALSE
297,"uchicago ma student (e.g., mapss, macss, harris/crown ma)",new to chicago (<1 year),japanese,MA Student,Graduate,Woman,2,FALSE,TRUE,FALSE,FALSE
297,"uchicago ma student (e.g., mapss, macss, harris/crown ma)",new to the university of chicago (<1 year),english,MA Student,Graduate,Woman,2,TRUE,FALSE,FALSE,FALSE
297,"uchicago ma student (e.g., mapss, macss, harris/crown ma)",new to the university of chicago (<1 year),japanese,MA Student,Graduate,Woman,2,TRUE,FALSE,FALSE,FALSE
298,"uchicago ma student (e.g., mapss, macss, harris/crown ma)",woman,mandarin,MA Student,Graduate,Woman,1,FALSE,FALSE,FALSE,FALSE
298,"uchicago ma student (e.g., mapss, macss, harris/crown ma)",new to chicago (<1 year),mandarin,MA Student,Graduate,Woman,1,FALSE,TRUE,FALSE,FALSE
298,"uchicago ma student (e.g., mapss, macss, harris/crown ma)",new to the university of chicago (<1 year),mandarin,MA Student,Graduate,Woman,1,TRUE,FALSE,FALSE,FALSE
299,"uchicago ma student (e.g., mapss, macss, harris/crown ma)",woman,english,MA Student,Graduate,Woman,1,FALSE,FALSE,FALSE,FALSE
300,"uchicago ma student (e.g., mapss, macss, harris/crown ma)",woman,mandarin,MA Student,Graduate,Woman,1,FALSE,FALSE,FALSE,FALSE
301,"uchicago ma student (e.g., mapss, macss, harris/crown ma)",woman,english,MA Student,Graduate,Woman,1,FALSE,FALSE,FALSE,FALSE
302,"uchicago ma student (e.g., mapss, macss, harris/crown ma)",NA,NA,MA Student,Graduate,NA,NA,NA,NA,NA,NA
303,"uchicago ma student (e.g., mapss, macss, harris/crown ma)",NA,NA,MA Student,Graduate,NA,NA,NA,NA,NA,NA
304,"uchicago ma student (e.g., mapss, macss, harris/crown ma)",woman,english,MA Student,Graduate,Woman,1,FALSE,FALSE,FALSE,FALSE
305,"uchicago ma student (e.g., mapss, macss, harris/crown ma)",woman,english,MA Student,Graduate,Woman,1,FALSE,FALSE,FALSE,FALSE
306,"uchicago ma student (e.g., mapss, macss, harris/crown ma)",man,mandarin,MA Student,Graduate,Man,1,FALSE,FALSE,FALSE,FALSE
307,"uchicago ma student (e.g., mapss, macss, harris/crown ma)",woman,NA,MA Student,Graduate,Woman,NA,FALSE,FALSE,FALSE,FALSE
308,"uchicago ma student (e.g., mapss, macss, harris/crown ma)",woman,mandarin,MA Student,Graduate,Woman,1,FALSE,FALSE,FALSE,FALSE
308,"uchicago ma student (e.g., mapss, macss, harris/crown ma)",new to chicago (<1 year),mandarin,MA Student,Graduate,Woman,1,FALSE,TRUE,FALSE,FALSE
308,"uchicago ma student (e.g., mapss, macss, harris/crown ma)",new to the university of chicago (<1 year),mandarin,MA Student,Graduate,Woman,1,TRUE,FALSE,FALSE,FALSE
309,"uchicago ma student (e.g., mapss, macss, harris/crown ma)",woman,english,MA Student,Graduate,Woman,1,FALSE,FALSE,FALSE,FALSE
310,"uchicago ma student (e.g., mapss, macss, harris/crown ma)",non-binary or other gender identity,english,MA Student,Graduate,Other,1,FALSE,FALSE,FALSE,FALSE
310,"uchicago ma student (e.g., mapss, macss, harris/crown ma)",new to chicago (<1 year),english,MA Student,Graduate,Other,1,FALSE,TRUE,FALSE,FALSE
310,"uchicago ma student (e.g., mapss, macss, harris/crown ma)",new to the university of chicago (<1 year),english,MA Student,Graduate,Other,1,TRUE,FALSE,FALSE,FALSE
311,"uchicago ma student (e.g., mapss, macss, harris/crown ma)",man,mandarin,MA Student,Graduate,Man,2,FALSE,FALSE,FALSE,FALSE
311,"uchicago ma student (e.g., mapss, macss, harris/crown ma)",man,english,MA Student,Graduate,Man,2,FALSE,FALSE,FALSE,FALSE
311,"uchicago ma student (e.g., mapss, macss, harris/crown ma)",new to the university of chicago (<1 year),mandarin,MA Student,Graduate,Man,2,TRUE,FALSE,FALSE,FALSE
311,"uchicago ma student (e.g., mapss, macss, harris/crown ma)",new to the university of chicago (<1 year),english,MA Student,Graduate,Man,2,TRUE,FALSE,FALSE,FALSE
312,"uchicago ma student (e.g., mapss, macss, harris/crown ma)",man,portuguese,MA Student,Graduate,Other,2,FALSE,FALSE,FALSE,FALSE
312,"uchicago ma student (e.g., mapss, macss, harris/crown ma)",man,english,MA Student,Graduate,Other,2,FALSE,FALSE,FALSE,FALSE
312,"uchicago ma student (e.g., mapss, macss, harris/crown ma)",non-binary or other gender identity,portuguese,MA Student,Graduate,Other,2,FALSE,FALSE,FALSE,FALSE
312,"uchicago ma student (e.g., mapss, macss, harris/crown ma)",non-binary or other gender identity,english,MA Student,Graduate,Other,2,FALSE,FALSE,FALSE,FALSE
312,"uchicago ma student (e.g., mapss, macss, harris/crown ma)",new to chicago (<1 year),portuguese,MA Student,Graduate,Other,2,FALSE,TRUE,FALSE,FALSE
312,"uchicago ma student (e.g., mapss, macss, harris/crown ma)",new to chicago (<1 year),english,MA Student,Graduate,Other,2,FALSE,TRUE,FALSE,FALSE
312,"uchicago ma student (e.g., mapss, macss, harris/crown ma)",new to the university of chicago (<1 year),portuguese,MA Student,Graduate,Other,2,TRUE,FALSE,FALSE,FALSE
312,"uchicago ma student (e.g., mapss, macss, harris/crown ma)",new to the university of chicago (<1 year),english,MA Student,Graduate,Other,2,TRUE,FALSE,FALSE,FALSE
313,"uchicago ma student (e.g., mapss, macss, harris/crown ma)",man,NA,MA Student,Graduate,Man,NA,FALSE,FALSE,FALSE,FALSE
313,"uchicago ma student (e.g., mapss, macss, harris/crown ma)",new to the university of chicago (<1 year),NA,MA Student,Graduate,Man,NA,TRUE,FALSE,FALSE,FALSE
314,"uchicago ma student (e.g., mapss, macss, harris/crown ma)",woman,english,MA Student,Graduate,Woman,2,FALSE,FALSE,FALSE,FALSE
314,"uchicago ma student (e.g., mapss, macss, harris/crown ma)",woman,vietnamese,MA Student,Graduate,Woman,2,FALSE,FALSE,FALSE,FALSE
314,"uchicago ma student (e.g., mapss, macss, harris/crown ma)",new to chicago (<1 year),english,MA Student,Graduate,Woman,2,FALSE,TRUE,FALSE,FALSE
314,"uchicago ma student (e.g., mapss, macss, harris/crown ma)",new to chicago (<1 year),vietnamese,MA Student,Graduate,Woman,2,FALSE,TRUE,FALSE,FALSE
314,"uchicago ma student (e.g., mapss, macss, harris/crown ma)",new to the university of chicago (<1 year),english,MA Student,Graduate,Woman,2,TRUE,FALSE,FALSE,FALSE
314,"uchicago ma student (e.g., mapss, macss, harris/crown ma)",new to the university of chicago (<1 year),vietnamese,MA Student,Graduate,Woman,2,TRUE,FALSE,FALSE,FALSE
315,"uchicago ma student (e.g., mapss, macss, harris/crown ma)",woman,english,MA Student,Graduate,Woman,1,FALSE,FALSE,FALSE,FALSE
315,"uchicago ma student (e.g., mapss, macss, harris/crown ma)",new to the university of chicago (<1 year),english,MA Student,Graduate,Woman,1,TRUE,FALSE,FALSE,FALSE
316,"uchicago ma student (e.g., mapss, macss, harris/crown ma)",woman,mandarin,MA Student,Graduate,Woman,1,FALSE,FALSE,FALSE,FALSE
317,"uchicago ma student (e.g., mapss, macss, harris/crown ma)",woman,mandarin,MA Student,Graduate,Woman,1,FALSE,FALSE,FALSE,FALSE
317,"uchicago ma student (e.g., mapss, macss, harris/crown ma)",raised outside the us,mandarin,MA Student,Graduate,Woman,1,FALSE,FALSE,FALSE,TRUE
317,"uchicago ma student (e.g., mapss, macss, harris/crown ma)",new to chicago (<1 year),mandarin,MA Student,Graduate,Woman,1,FALSE,TRUE,FALSE,FALSE
317,"uchicago ma student (e.g., mapss, macss, harris/crown ma)",new to the university of chicago (<1 year),mandarin,MA Student,Graduate,Woman,1,TRUE,FALSE,FALSE,FALSE
318,"uchicago ma student (e.g., mapss, macss, harris/crown ma)",woman,NA,MA Student,Graduate,Woman,NA,FALSE,FALSE,FALSE,FALSE
319,"uchicago ma student (e.g., mapss, macss, harris/crown ma)",woman,mandarin,MA Student,Graduate,Woman,1,FALSE,FALSE,FALSE,FALSE
319,"uchicago ma student (e.g., mapss, macss, harris/crown ma)",raised outside the us,mandarin,MA Student,Graduate,Woman,1,FALSE,FALSE,FALSE,TRUE
319,"uchicago ma student (e.g., mapss, macss, harris/crown ma)",new to chicago (<1 year),mandarin,MA Student,Graduate,Woman,1,FALSE,TRUE,FALSE,FALSE
319,"uchicago ma student (e.g., mapss, macss, harris/crown ma)",new to the university of chicago (<1 year),mandarin,MA Student,Graduate,Woman,1,TRUE,FALSE,FALSE,FALSE
